Task,Model,42_Feat_Test_AC,19_Feat_Test_AC,Accuracy_Delta,42_Feat_F1,19_Feat_F1,F1_Delta
Binary,DT,87.52,89.17,1.65,89.45,90.86,1.41
Binary,ANN,84.31,84.52,0.21,87.44,87.63,0.19
Binary,kNN,84.47,86.83,2.36,87.28,89.05,1.77
Binary,LR,80.56,80.52,-0.04,84.64,84.62,-0.02
Binary,SVM,,,,,,
Multiclass,DT,70.85,70.49,-0.36,72.7,72.58,-0.12
Multiclass,ANN,73.47,73.2,-0.27,74.41,74.36,-0.05
Multiclass,kNN,71.58,74.3,2.72,74.14,76.52,2.38
Multiclass,LR,69.02,68.38,-0.64,70.3,70.05,-0.25
Multiclass,SVM,,,,,,
