Rank,Feature,Importance_Score,Type,In_Planned_19
1,sttl,0.637336,Numerical,True
2,proto,0.051366,Categorical,True
3,ct_srv_dst,0.047136,Numerical,True
4,service,0.030254,Categorical,True
5,sbytes,0.028651,Numerical,True
6,smean,0.025092,Numerical,True
7,ct_dst_sport_ltm,0.023571,Numerical,True
8,dpkts,0.016175,Numerical,False
9,state,0.015914,Categorical,True
10,sloss,0.012573,Numerical,True
11,synack,0.01114,Numerical,True
12,ct_dst_src_ltm,0.009525,Numerical,True
13,dmean,0.009126,Numerical,True
14,dbytes,0.008247,Numerical,True
15,trans_depth,0.008136,Numerical,False
16,ct_state_ttl,0.007621,Numerical,True
17,ct_srv_src,0.006969,Numerical,True
18,dloss,0.005667,Numerical,True
19,tcprtt,0.005196,Numerical,True
20,ct_src_dport_ltm,0.00422,Numerical,True
21,sinpkt,0.003993,Numerical,False
22,ct_flw_http_mthd,0.00376,Numerical,False
23,dur,0.002866,Numerical,False
24,spkts,0.002726,Numerical,False
25,dinpkt,0.002421,Numerical,False
26,ct_dst_ltm,0.002403,Numerical,False
27,response_body_len,0.002398,Numerical,False
28,sjit,0.00238,Numerical,False
29,sload,0.002097,Numerical,False
30,ct_src_ltm,0.002019,Numerical,False
31,djit,0.002007,Numerical,False
32,dttl,0.001855,Numerical,False
33,stcpb,0.001445,Numerical,False
34,dload,0.001061,Numerical,False
35,rate,0.001024,Numerical,True
36,dtcpb,0.000726,Numerical,False
37,ackdat,0.000612,Numerical,False
38,swin,0.000296,Numerical,False
39,dwin,0.0,Numerical,False
40,is_ftp_login,0.0,Numerical,False
41,ct_ftp_cmd,0.0,Numerical,False
42,is_sm_ips_ports,0.0,Numerical,False
