Task,Model,42_Feat_Accuracy,19_Feat_Accuracy,Accuracy_Delta,42_Feat_F1,19_Feat_F1,F1_Delta,42_Feat_Train_Time_s,19_Feat_Train_Time_s,Train_Time_Delta_s
Binary,Decision Tree,0.8685,0.8733,0.0048,0.8891,0.8932,0.0041,5.48,6.057,0.577
Binary,ANN,0.8563,0.832,-0.0243,0.8822,0.8671,-0.0151,49.2884,17.7806,-31.5078
Binary,kNN,0.8451,0.8664,0.0213,0.8727,0.8884,0.0157,0.0435,0.0512,0.0077
Binary,Logistic Regression,0.8097,0.8062,-0.0035,0.8491,0.8467,-0.0024,11.9427,22.2547,10.312
Binary,SVM (LinearSVC),0.8122,0.8141,0.0019,0.8524,0.8544,0.002,14.4007,6.2277,-8.173
Multiclass,Decision Tree,0.7476,0.761,0.0134,0.5005,0.5099,0.0094,5.2369,4.5541,-0.6828
Multiclass,ANN,0.7568,0.7631,0.0063,0.4365,0.4444,0.0079,68.7541,68.8303,0.0762
Multiclass,kNN,0.709,0.7336,0.0246,0.4104,0.4643,0.0539,0.0993,0.0366,-0.0627
Multiclass,Logistic Regression,0.6981,0.6898,-0.0083,0.3394,0.3508,0.0114,89.4102,58.2599,-31.1503
Multiclass,SVM (LinearSVC),0.6841,0.6773,-0.0068,0.3356,0.3387,0.0031,649.2434,120.1642,-529.0792
