architecture,hidden_layers,parameters,train_accuracy,validation_accuracy,validation_weighted_f1,validation_macro_f1,train_val_gap,training_time
Paper 5 units,[5],920,77.35,77.23,75.23,39.65,0.12,39.42
Paper 10 units,[10],1830,79.59,79.86,77.14,45.88,-0.27,37.24
Paper 15 units,[15],2740,79.16,78.97,76.84,45.28,0.19,38.11
Paper 30 units,[30],5470,80.13,80.42,78.78,51.19,-0.29,40.81
Paper 50 units,[50],9110,80.45,80.5,78.92,50.07,-0.05,39.88
Paper 100 units,[100],18210,81.3,81.03,79.63,52.03,0.27,44.48
Arch A: [32],[32],5834,80.4,80.36,78.47,47.97,0.04,41.09
Arch B: [64],[64],11658,81.0,80.86,79.4,52.58,0.14,39.69
Arch C: [128],[128],23306,81.14,81.22,79.69,51.52,-0.08,46.53
"Arch D: [64, 32]","[64, 32]",13418,81.49,81.06,79.99,52.61,0.43,44.92
"Arch E: [128, 64]","[128, 64]",30922,82.25,81.6,80.47,53.82,0.65,51.58
"Arch F: [256, 128]","[256, 128]",78218,82.62,81.92,80.74,54.32,0.7,72.11
