Feature,Train Mean,Test Mean,Train Median,Test Median,Train Std,Test Std,Norm Mean Shift,KS Stat,KS P-Val
ct_dst_src_ltm,8.7306,7.4564,3.0,3.0,10.9588,11.4152,-0.116,0.1039,0.00e+00
rate,95373.2659,82410.8867,3187.8318,2650.1767,165563.891,148620.367,-0.078,0.0874,0.00e+00
ct_dst_sport_ltm,4.2073,3.663,1.0,1.0,5.7892,5.9154,-0.094,0.0804,8.58e-285
ct_src_dport_ltm,5.384,4.9289,1.0,1.0,8.0535,8.3895,-0.057,0.0788,4.83e-274
tcprtt,0.0415,0.0559,0.0,0.0006,0.0789,0.116,0.183,0.0688,8.55e-209
sloss,4.9293,4.7537,0.0,1.0,65.3257,64.6496,-0.003,0.0657,1.16e-190
synack,0.0211,0.0293,0.0,0.0004,0.0431,0.0709,0.189,0.0635,7.69e-178
dloss,6.9902,6.3086,0.0,0.0,53.2359,55.708,-0.013,0.0496,1.76e-108
ct_srv_src,9.3117,9.5466,5.0,5.0,10.7039,11.0903,0.022,0.0492,3.63e-107
ct_srv_dst,9.1012,9.1643,4.0,5.0,10.7572,11.1214,0.006,0.0457,3.90e-92
sbytes,8791.6791,7993.9082,450.0,534.0,172858.0765,171642.2619,-0.005,0.0455,2.18e-91
dbytes,15041.9468,13233.7856,164.0,178.0,145032.8741,151471.4561,-0.012,0.0428,5.25e-81
dmean,124.7517,116.2751,44.0,44.0,259.2654,244.6003,-0.033,0.0427,1.02e-80
smean,137.0039,139.5286,73.0,65.0,205.1033,208.4721,0.012,0.0403,8.22e-72
ct_state_ttl,1.303,1.3693,1.0,1.0,0.9526,1.0672,0.07,0.0302,1.27e-40
sttl,179.6041,180.9677,254.0,254.0,102.9114,101.5134,0.013,0.0264,3.68e-31
