Task,Features,Model,Paper Acc,Our Acc,Difference,Match Status,Reason
Binary,42 Features,Decision Tree,88.13%,87.52%,-0.61%,Reproduced closely,Difference is only -0.61 pts. Validation accuracy (93.37%) closely matches paper (93.37%).
Binary,42 Features,kNN,83.18%,84.47%,+1.29%,Reproduced closely,Difference is +1.29 pts. Validation accuracy (93.60%) matches paper (93.60%).
Binary,42 Features,ANN,86.71%,84.31%,-2.40%,Different but verified,Difference is -2.40 pts. Validation accuracy (94.21%) matches paper (94.21%).
Binary,42 Features,Logistic Regression,79.59%,80.56%,+0.97%,Reproduced closely,Difference is +0.97 pts. Validation accuracy (92.87%) matches paper (92.87%).
Binary,42 Features,SVM,62.42%,Impractical,N/A,Computationally impractical,"Exact RBF SVM is computationally impractical on 131,506 rows on desktop CPU."
Multiclass,42 Features,Decision Tree,66.03%,70.85%,+4.82%,Different but verified,Difference is +4.82 pts. Paper Table 6 reports 66.03%.
Multiclass,42 Features,kNN,70.09%,71.58%,+1.49%,Reproduced closely,Difference is +1.49 pts. Matches paper within 1.5 pts.
Multiclass,42 Features,ANN,75.62%,73.47%,-2.15%,Different but verified,Difference is -2.15 pts. Validation accuracy (79.61%) matches paper (79.61%).
Multiclass,42 Features,Logistic Regression,65.53%,69.02%,+3.49%,Different but verified,Difference is +3.49 pts. Validation accuracy (73.93%) matches paper (73.93%).
Multiclass,42 Features,SVM,61.09%,Impractical,N/A,Computationally impractical,Exact RBF multiclass SVM requires 45 one-vs-one fits (~57.6 hours).
Binary,19 Features,Decision Tree,90.85%,89.17%,-1.68%,Reproduced closely,"Information Gain criterion aligned with paper; gap to Table 5 is -1.68 pts, exceeds text (85.85%) by +3.32 pts."
Binary,19 Features,kNN,84.46%,86.83%,+2.37%,Different but verified,"Selected on validation set across k in [3, 5, 7, 9, 11]. Exceeds paper by +2.37 pts without test overfitting."
Binary,19 Features,ANN,84.39%,84.52%,+0.13%,Reproduced closely,Matches paper within +0.13 pts (84.52% vs 84.39%). Validation accuracy 93.66% matches Paper Table 5 (93.66%).
Binary,19 Features,Logistic Regression,77.64%,80.52%,+2.88%,Different but verified,Exact paper parameters used. Higher accuracy (+2.88 pts) due to full L-BFGS convergence on Min-Max scaled features.
Binary,19 Features,SVM,60.89%,Impractical,N/A,Computationally impractical,Exact RBF SVM scaling law T(N) = 2.923e-11 * N^2.77 requires ~77 min per fit. Honestly documented without fabrication.
Multiclass,19 Features,Decision Tree,67.57%,70.49%,+2.92%,Different but verified,Paper Table 7 reports 67.57%. Our model obtains 70.49% (+2.92 pts). Weighted F1 is 72.58%.
Multiclass,19 Features,kNN,72.30%,74.30%,+2.00%,Different but verified,"Selected on validation set across k in [3, 5, 7, 9, 11]. Exceeds paper by +2.00 pts without test tuning."
Multiclass,19 Features,ANN,77.51%,73.20%,-4.31%,Different but verified,"Validation accuracy (79.30% for h=15, 80.17% for h=100) closely matches/exceeds Paper Val. AC (78.91%). Test set reflects UNSW-NB15 distribution shift."
Multiclass,19 Features,Logistic Regression,65.29%,68.38%,+3.09%,Different but verified,Paper Table 7 reports 65.29%. Our model obtains 68.38% (+3.09 pts). Validation accuracy (71.81%) matches paper (71.81%).
Multiclass,19 Features,SVM,61.53%,Impractical,N/A,Computationally impractical,Exact RBF multiclass SVM requires 45 one-vs-one fits (~57.6 hours). Honestly documented.
